<?xml version="1.0" encoding="UTF-8"?>
<!DOCTYPE mapper
  PUBLIC "-//mybatis.org//DTD Mapper 3.0//EN"
  "http://mybatis.org/dtd/mybatis-3-mapper.dtd">
  
<mapper namespace="org.zerock.mapper.BoardMapper">
  <!-- 쿼리 보관 -->
  <sql id="criteria">
  	<trim prefix="(" suffix=") AND " prefixOverrides="OR">
			<foreach collection="typeArr" item='type'>
				<trim prefix="OR">
					<choose>
						<when test="type == 'T'.toString()">
							title 	LIKE '%'||#{keyword}||'%'
						</when>
						<when test="type == 'C'.toString()">
							content	LIKE '%'||#{keyword}||'%'
						</when>
						<when test="type == 'W'.toString()">
							writer 	LIKE '%'||#{keyword}||'%'
						</when>
					</choose>
				</trim>
			</foreach>		
		</trim>
  </sql>
   
  <update id="updateReplyCnt">
  	UPDATE 	tbl_board
  	SET		replyCnt = replyCnt + #{amount}
  	WHERE	bno = #{bno}
  </update> 
   
  <select id="getListWithPaging" resultType="org.zerock.domain.BoardVO">
   <![CDATA[
    SELECT  * 
    FROM 	( SELECT /*+INDEX_DESC(tbl_board pk_board) */ 
    				 rownum rn, bno, title, content, writer, 
    				 regdate, updatedate, replyCnt
    		  FROM   tbl_board
    		  WHERE  
   ]]>
		<!-- 보관해 둔 쿼리 사용 -->
		<include refid="criteria"></include>
   <![CDATA[ 		  
    		  rownum <= #{pageNum} * #{amount} )
    WHERE   rn > (#{pageNum} -1) * #{amount}
   ]]> 		  
  </select>
  
  <select id="getTotalCount" resultType="int">
   <![CDATA[
    SELECT COUNT(*) FROM tbl_board 
    WHERE 
   ]]> 	<!-- 보관해 둔 쿼리 사용 -->
		<include refid="criteria"></include>
   <![CDATA[  bno > 0
   ]]>
  </select>
 
  <update id="update">
    UPDATE 	tbl_board 
    SET		title = #{title}, 	content = #{content},
    		writer = #{writer}, updateDate = sysdate
    WHERE 	bno = #{bno}
  </update>
  
  <delete id="delete">
    DELETE tbl_board WHERE bno = #{bno}
  </delete>
  
  <select id="read" resultType="org.zerock.domain.BoardVO">
    SELECT * FROM tbl_board WHERE bno = #{bno}
  </select>
  
  <insert id="insertSelectKey">
  	<selectKey keyProperty="bno" order="BEFORE" resultType="long">
  		SELECT seq_board.NEXTVAL FROM dual
  	</selectKey>
  
  	INSERT INTO tbl_board(bno, title, content, writer)
	VALUES(#{bno}, #{title}, #{content}, #{writer})
  </insert>
  
  <insert id="insert">
  	INSERT INTO tbl_board(bno, title, content, writer)
	VALUES(seq_board.NEXTVAL, #{title}, #{content}, #{writer})
  </insert>

  <select id="getList" resultType="org.zerock.domain.BoardVO">
  <![CDATA[
    SELECT * FROM tbl_board WHERE bno > 0
  ]]>
  </select>
</mapper>










