<?xml version="1.0" encoding="UTF-8"?>
<!DOCTYPE mapper
  PUBLIC "-//mybatis.org//DTD Mapper 3.0//EN"
  "http://mybatis.org/dtd/mybatis-3-mapper.dtd">
<mapper namespace="org.zerock.mapper.MemberMapper">
	
	<resultMap type="org.zerock.domain.MemberVO" id="memberMap">
		<id property="userid" column="userid"/>						<!-- Join 조건 -->
		<result property="userid" column="userid"/>
		<result property="userpw" column="userpw"/>
		<result property="userName" column="username"/>
		<result property="regDate" column="regdate"/>
		<result property="updateDate" column="updatedate"/>
		<result property="enabled" column="enabled"/>
		<collection property="authList" resultMap="authMap"/>
	</resultMap>
	
	<resultMap type="org.zerock.domain.AuthVO" id="authMap">
		<result property="userid" column="userid"/>
		<result property="auth" column="auth"/>
	</resultMap>
	
	<select id="read" resultMap="memberMap">
		select t.userid, userpw, username, regdate, updatedate, enabled, auth
		from tbl_member t, tbl_member_auth a
		where t.userid = a.userid 
		and t.userid = #{userid}
	</select>

</mapper>