<?xml version="1.0" encoding="UTF-8"?>
<!DOCTYPE mapper
  PUBLIC "-//mybatis.org//DTD Mapper 3.0//EN"
  "http://mybatis.org/dtd/mybatis-3-mapper.dtd">
  
<mapper namespace="org.zerock.mapper.ReplyMapper">
  <select id="getCountByBno" resultType="int">
   	SELECT COUNT(rno) FROM tbl_reply WHERE bno = #{bno}
  </select>
  
  <select id="getListWithPaging" resultType="org.zerock.domain.ReplyVO">
  <![CDATA[
    SELECT *
    FROM   ( SELECT  /*+INDEX(tbl_reply idx_reply) */ 
    				 rownum rn, bno, rno, reply, replyer, 
    				 replydate, updatedate
    		  FROM   tbl_reply
    		  WHERE  bno = #{bno}
    		  AND	 rownum <= #{cri.pageNum} * #{cri.amount} )
    WHERE   rn > (#{cri.pageNum} -1) * #{cri.amount}
   ]]> 		  
  <!-- SELECT * FROM tbl_reply WHERE bno = #{bno} ORDER BY rno -->
  </select>
  
  <select id="read" resultType="org.zerock.domain.ReplyVO">
    SELECT * FROM tbl_reply WHERE rno = #{rno}
  </select>
  
  <update id="update">
    UPDATE 	tbl_reply 
    SET		reply = #{reply}, updateDate = sysdate
    WHERE 	rno = #{rno}
  </update>
  
  <delete id="delete">
    DELETE tbl_reply WHERE rno = #{rno}
  </delete>
  
  <insert id="insert">
	INSERT INTO tbl_reply(rno, bno, reply, replyer)
	VALUES(seq_reply.NEXTVAL, #{bno}, #{reply}, #{replyer})
  </insert>
</mapper>










