<?xml version="1.0" encoding="UTF-8"?>
<beans xmlns="http://www.springframework.org/schema/beans"
	xmlns:xsi="http://www.w3.org/2001/XMLSchema-instance"
	xmlns:security="http://www.springframework.org/schema/security"
	xsi:schemaLocation="http://www.springframework.org/schema/security http://www.springframework.org/schema/security/spring-security.xsd
		http://www.springframework.org/schema/beans http://www.springframework.org/schema/beans/spring-beans.xsd">

	<bean id="customAccessDenied" class="org.zerock.security.CustomAccessDeniedHandler" />
	<!-- <bean id="customLoginSuccess" class="org.zerock.security.CustomLoginSuccessHandler"/> -->
	<!-- <bean id="customPasswordEncoder" class="org.zerock.security.CustomNoOpPasswordEncoder"/> -->
	<bean id="bcryptPasswordEncoder" class="org.springframework.security.crypto.bcrypt.BCryptPasswordEncoder"/>
	<bean id="customUserDetailsService" class="org.zerock.security.CustomUserDetailsService"/>
	
	<security:http>
	
		<security:intercept-url pattern="/sample/all" access="permitAll"/>
		<security:intercept-url pattern="/sample/member" access="hasRole('ROLE_MEMBER')"/>
		<security:intercept-url pattern="/sample/admin" access="hasRole('ROLE_ADMIN')"/>
		
		<!-- <security:form-login/> -->				
		<security:form-login login-page="/customLogin"/>
		<!-- 로그아웃 처리 -->
		<security:logout logout-url="/customLogout" invalidate-session="true"/>
		
		<!-- 접근 권한 메시지 -->
		<!-- <security:access-denied-handler error-page="/accessError"/> -->
		<security:access-denied-handler ref="customAccessDenied"/>
		
		<!-- DB를 이용한 자동 로그인 -->
		<security:remember-me data-source-ref="dataSource" token-validity-seconds="604800"/>
		
		<!-- 로그아웃시 쿠키 삭제 -->
		<security:logout logout-url="/customLogout"
						 invalidate-session="true"
						 delete-cookies="remember-me, JSESSION_ID"/>
		
	</security:http>
	
	<security:authentication-manager>
		<security:authentication-provider user-service-ref="customUserDetailsService">
<!--		<security:user-service>
 				<security:user name="member" password="{noop}1111" authorities="ROLE_MEMBER"/>
				<security:user name="admin" password="{noop}1111" authorities="ROLE_MEMBER, ROLE_ADMIN"/> 
			</security:user-service>	-->																
		<!-- <security:jdbc-user-service data-source-ref="dataSource"
			  users-by-username-query="select userid, userpw, enabled from tbl_member where userid = ?"
			  authorities-by-username-query="select userid, auth from tbl_member_auth where userid = ?"/> -->
	   <!-- <security:password-encoder ref="customPasswordEncoder"/> -->
	   		<security:password-encoder ref="bcryptPasswordEncoder"/>
			
		</security:authentication-provider>
	</security:authentication-manager>

</beans>

